timestamp,gaze_x,gaze_y,screen_x,screen_y,yaw,pitch,aoi_region,aoi_name,is_luogu,is_fixation,fixation_id,task_id
1769177361.7114182,0.498828125,0.50125,1277,802,-0.3196331560611725,0.1492914855480194,F_CODE_EDITOR,Code Editor,False,False,0,none
1769177361.8092859,0.498828125,0.50125,1277,802,0.06677477061748505,0.27422359585762024,F_CODE_EDITOR,Code Editor,False,True,0,none
1769177361.8700776,0.498828125,0.501875,1277,803,0.06677477061748505,0.27422359585762024,F_CODE_EDITOR,Code Editor,False,True,0,none
1769177361.9402323,0.498828125,0.501875,1277,803,0.07922957837581635,0.3146474361419678,F_CODE_EDITOR,Code Editor,False,True,0,none
1769177362.0122187,0.49921875,0.501875,1278,803,-0.01858540251851082,0.22286982834339142,F_CODE_EDITOR,Code Editor,False,True,0,none
1769177362.0763083,0.49921875,0.501875,1278,803,-0.013540842570364475,0.16732588410377502,F_CODE_EDITOR,Code Editor,False,True,0,none
1769177362.1434405,0.49921875,0.501875,1278,803,-0.06542801111936569,0.2253071665763855,F_CODE_EDITOR,Code Editor,False,True,0,none
1769177362.2147293,0.49921875,0.501875,1278,803,-0.06542801111936569,0.2253071665763855,F_CODE_EDITOR,Code Editor,False,True,0,none
1769177362.2866323,0.49921875,0.501875,1278,803,-0.11434096097946167,0.1954275518655777,F_CODE_EDITOR,Code Editor,False,True,0,none
1769177362.3574667,0.49921875,0.501875,1278,803,-0.1167180985212326,0.22538866102695465,F_CODE_EDITOR,Code Editor,False,True,0,none
1769177362.417083,0.49921875,0.501875,1278,803,-0.1167180985212326,0.22538866102695465,F_CODE_EDITOR,Code Editor,False,True,0,none
1769177362.4902556,0.49921875,0.501875,1278,803,0.012327240779995918,0.26574328541755676,F_CODE_EDITOR,Code Editor,False,True,0,none
1769177362.5647423,0.49921875,0.501875,1278,803,0.04391579329967499,0.3011217713356018,F_CODE_EDITOR,Code Editor,False,True,0,none
1769177362.636849,0.49921875,0.5025,1278,804,0.04391579329967499,0.3011217713356018,F_CODE_EDITOR,Code Editor,False,True,0,none
1769177362.7012365,0.49921875,0.501875,1278,803,-0.08428958058357239,0.1861102283000946,F_CODE_EDITOR,Code Editor,False,True,0,none
1769177362.7642198,0.49921875,0.501875,1278,803,0.034217625856399536,0.26273950934410095,F_CODE_EDITOR,Code Editor,False,True,0,none
1769177362.820378,0.49921875,0.501875,1278,803,0.034217625856399536,0.26273950934410095,F_CODE_EDITOR,Code Editor,False,True,0,none
1769177362.9004745,0.499609375,0.5025,1279,804,0.04713795334100723,0.28191158175468445,F_CODE_EDITOR,Code Editor,False,True,0,none
1769177362.9660656,0.499609375,0.5025,1279,804,0.018155833706259727,0.2739202380180359,F_CODE_EDITOR,Code Editor,False,True,0,none
1769177363.0321887,0.499609375,0.5025,1279,804,0.04777657613158226,0.2824189364910126,F_CODE_EDITOR,Code Editor,False,True,0,none
1769177363.0969565,0.499609375,0.5025,1279,804,0.04777657613158226,0.2824189364910126,F_CODE_EDITOR,Code Editor,False,True,0,none
1769177363.1708138,0.499609375,0.5025,1279,804,0.05908329784870148,0.2504814863204956,F_CODE_EDITOR,Code Editor,False,True,0,none
1769177363.237528,0.499609375,0.5025,1279,804,0.05430825054645538,0.22379262745380402,F_CODE_EDITOR,Code Editor,False,True,0,none
1769177363.3143566,0.499609375,0.5025,1279,804,0.062197331339120865,0.24484731256961823,F_CODE_EDITOR,Code Editor,False,True,0,none
1769177363.3736656,0.499609375,0.5025,1279,804,0.062197331339120865,0.24484731256961823,F_CODE_EDITOR,Code Editor,False,True,0,none
1769177363.432967,0.499609375,0.5025,1279,804,0.060207150876522064,0.24182754755020142,F_CODE_EDITOR,Code Editor,False,True,0,none
1769177363.5028815,0.499609375,0.5025,1279,804,0.060207150876522064,0.24182754755020142,F_CODE_EDITOR,Code Editor,False,True,0,none
1769177363.5701165,0.499609375,0.5025,1279,804,0.09382370114326477,0.2684045433998108,F_CODE_EDITOR,Code Editor,False,True,0,none
1769177363.6420324,0.499609375,0.5025,1279,804,0.06673775613307953,0.2702554762363434,F_CODE_EDITOR,Code Editor,False,True,0,none
1769177363.7147436,0.499609375,0.5025,1279,804,0.08015263080596924,0.258704274892807,F_CODE_EDITOR,Code Editor,False,True,0,none
1769177363.7781363,0.499609375,0.5025,1279,804,0.12194561213254929,0.1951039880514145,F_CODE_EDITOR,Code Editor,False,True,0,none
1769177363.8384948,0.499609375,0.501875,1279,803,0.12194561213254929,0.1951039880514145,F_CODE_EDITOR,Code Editor,False,True,1,none
1769177363.9054675,0.5,0.501875,1280,803,0.11579077690839767,0.22532899677753448,F_CODE_EDITOR,Code Editor,False,True,1,none
1769177363.9801245,0.5,0.501875,1280,803,0.11783822625875473,0.16549788415431976,F_CODE_EDITOR,Code Editor,False,True,1,none
1769177364.0493534,0.5,0.501875,1280,803,0.11783822625875473,0.16549788415431976,F_CODE_EDITOR,Code Editor,False,True,1,none
1769177364.1252575,0.5,0.501875,1280,803,0.05571252852678299,0.2132297307252884,F_CODE_EDITOR,Code Editor,False,True,1,none
1769177364.1893976,0.5,0.501875,1280,803,0.052330054342746735,0.22400860488414764,F_CODE_EDITOR,Code Editor,False,True,1,none
1769177364.257754,0.5,0.501875,1280,803,0.052330054342746735,0.22400860488414764,F_CODE_EDITOR,Code Editor,False,True,1,none
1769177364.3250792,0.5,0.501875,1280,803,0.09128384292125702,0.211731418967247,F_CODE_EDITOR,Code Editor,False,True,1,none
1769177364.388147,0.5,0.501875,1280,803,0.08342565596103668,0.22653861343860626,F_CODE_EDITOR,Code Editor,False,True,1,none
1769177364.4496477,0.5,0.501875,1280,803,0.08342565596103668,0.22653861343860626,F_CODE_EDITOR,Code Editor,False,True,1,none
1769177364.5104902,0.5,0.501875,1280,803,0.07266674935817719,0.20122313499450684,F_CODE_EDITOR,Code Editor,False,True,1,none
1769177364.571366,0.5,0.501875,1280,803,0.07266674935817719,0.20122313499450684,F_CODE_EDITOR,Code Editor,False,True,1,none
1769177364.6370263,0.5,0.501875,1280,803,0.07929375767707825,0.23096317052841187,F_CODE_EDITOR,Code Editor,False,True,1,none
1769177364.7041655,0.5,0.501875,1280,803,0.026313895359635353,0.2832242548465729,F_CODE_EDITOR,Code Editor,False,True,1,none
1769177364.776768,0.5,0.5025,1280,804,0.026313895359635353,0.2832242548465729,F_CODE_EDITOR,Code Editor,False,True,1,none
1769177364.838708,0.5,0.5025,1280,804,0.021399831399321556,0.30222538113594055,F_CODE_EDITOR,Code Editor,False,True,1,none
1769177364.9095657,0.5,0.5025,1280,804,0.04863598197698593,0.30813735723495483,F_CODE_EDITOR,Code Editor,False,True,1,none
1769177364.9798155,0.5,0.5025,1280,804,0.04863598197698593,0.30813735723495483,F_CODE_EDITOR,Code Editor,False,True,1,none
1769177365.03945,0.5,0.5025,1280,804,0.03993703052401543,0.2915533185005188,F_CODE_EDITOR,Code Editor,False,True,1,none
1769177365.122143,0.5,0.5025,1280,804,0.059608735144138336,0.26740562915802,F_CODE_EDITOR,Code Editor,False,True,1,none
1769177365.187347,0.5,0.5025,1280,804,0.059608735144138336,0.26740562915802,F_CODE_EDITOR,Code Editor,False,True,1,none
1769177365.2557716,0.5,0.5025,1280,804,0.0477273091673851,0.22160057723522186,F_CODE_EDITOR,Code Editor,False,True,1,none
1769177365.322009,0.5,0.5025,1280,804,0.06216377764940262,0.2020295411348343,F_CODE_EDITOR,Code Editor,False,True,1,none
1769177365.3961174,0.5,0.501875,1280,803,0.06216377764940262,0.2020295411348343,F_CODE_EDITOR,Code Editor,False,True,1,none
1769177365.4669251,0.5,0.501875,1280,803,0.07650862634181976,0.17034484446048737,F_CODE_EDITOR,Code Editor,False,True,1,none
1769177365.531674,0.5,0.501875,1280,803,0.07650862634181976,0.17034484446048737,F_CODE_EDITOR,Code Editor,False,True,1,none
1769177365.6034453,0.5,0.501875,1280,803,0.07828868180513382,0.22506216168403625,F_CODE_EDITOR,Code Editor,False,True,1,none
1769177365.6727538,0.5,0.501875,1280,803,0.07185022532939911,0.17047640681266785,F_CODE_EDITOR,Code Editor,False,True,1,none
1769177365.7382295,0.5,0.501875,1280,803,0.07185022532939911,0.17047640681266785,F_CODE_EDITOR,Code Editor,False,True,1,none
1769177365.8168314,0.5,0.501875,1280,803,0.08988887816667557,0.17272518575191498,F_CODE_EDITOR,Code Editor,False,True,1,none
1769177365.8870604,0.5,0.501875,1280,803,0.06449643522500992,0.24949239194393158,F_CODE_EDITOR,Code Editor,False,True,2,none
1769177365.9514377,0.5,0.501875,1280,803,0.06449643522500992,0.24949239194393158,F_CODE_EDITOR,Code Editor,False,True,2,none
1769177366.0150135,0.5,0.501875,1280,803,0.06240745261311531,0.20818942785263062,F_CODE_EDITOR,Code Editor,False,True,2,none
1769177366.0934021,0.5,0.501875,1280,803,0.07647613435983658,0.23746341466903687,F_CODE_EDITOR,Code Editor,False,True,2,none
1769177366.1646369,0.5,0.501875,1280,803,0.07647613435983658,0.23746341466903687,F_CODE_EDITOR,Code Editor,False,True,2,none
1769177366.227986,0.5,0.501875,1280,803,0.06191130727529526,0.23724079132080078,F_CODE_EDITOR,Code Editor,False,True,2,none
1769177366.2960634,0.5,0.501875,1280,803,0.06191130727529526,0.23724079132080078,F_CODE_EDITOR,Code Editor,False,True,2,none
1769177366.3567815,0.5,0.501875,1280,803,0.07216180860996246,0.25583550333976746,F_CODE_EDITOR,Code Editor,False,True,2,none
1769177366.4166815,0.5,0.501875,1280,803,0.07216180860996246,0.25583550333976746,F_CODE_EDITOR,Code Editor,False,True,2,none
1769177366.4831557,0.5,0.501875,1280,803,0.05880765989422798,0.2410653680562973,F_CODE_EDITOR,Code Editor,False,True,2,none
1769177366.547852,0.5,0.501875,1280,803,0.06582055985927582,0.25767895579338074,F_CODE_EDITOR,Code Editor,False,True,2,none
1769177366.6211038,0.5,0.501875,1280,803,0.06582055985927582,0.25767895579338074,F_CODE_EDITOR,Code Editor,False,True,2,none
1769177366.7033284,0.5,0.501875,1280,803,0.04208380728960037,0.2505778968334198,F_CODE_EDITOR,Code Editor,False,True,2,none
1769177366.7776988,0.5,0.5025,1280,804,0.052749767899513245,0.2774449288845062,F_CODE_EDITOR,Code Editor,False,True,2,none
1769177366.8442805,0.5,0.5025,1280,804,0.052749767899513245,0.2774449288845062,F_CODE_EDITOR,Code Editor,False,True,2,none
1769177366.9265625,0.5,0.5025,1280,804,0.06869863718748093,0.27751126885414124,F_CODE_EDITOR,Code Editor,False,True,2,none
1769177367.012768,0.5,0.5025,1280,804,0.037525806576013565,0.25467729568481445,F_CODE_EDITOR,Code Editor,False,True,2,none
1769177367.0722349,0.5,0.5025,1280,804,0.037525806576013565,0.25467729568481445,F_CODE_EDITOR,Code Editor,False,True,2,none
1769177367.1523821,0.5,0.5025,1280,804,0.07388940453529358,0.2708472013473511,F_CODE_EDITOR,Code Editor,False,True,2,none
1769177367.2159724,0.5,0.5025,1280,804,0.04608041048049927,0.26983362436294556,F_CODE_EDITOR,Code Editor,False,True,2,none
1769177367.279041,0.5,0.5025,1280,804,0.04608041048049927,0.26983362436294556,F_CODE_EDITOR,Code Editor,False,True,2,none
1769177367.3537047,0.5,0.5025,1280,804,0.055891234427690506,0.25820574164390564,F_CODE_EDITOR,Code Editor,False,True,2,none
1769177367.4225583,0.5,0.5025,1280,804,0.043790627270936966,0.2595474123954773,F_CODE_EDITOR,Code Editor,False,True,2,none
1769177367.4983823,0.5,0.5025,1280,804,0.043790627270936966,0.2595474123954773,F_CODE_EDITOR,Code Editor,False,True,2,none
1769177367.5570872,0.5,0.5025,1280,804,0.04992441460490227,0.24895577132701874,F_CODE_EDITOR,Code Editor,False,True,2,none
1769177367.6369298,0.5,0.5025,1280,804,0.04705885797739029,0.24652962386608124,F_CODE_EDITOR,Code Editor,False,True,2,none
1769177367.7072494,0.5,0.5025,1280,804,0.036565203219652176,0.23805704712867737,F_CODE_EDITOR,Code Editor,False,True,2,none
1769177367.7810364,0.5,0.5025,1280,804,0.028510471805930138,0.24588248133659363,F_CODE_EDITOR,Code Editor,False,True,2,none
1769177367.8561249,0.5,0.5025,1280,804,0.028510471805930138,0.24588248133659363,F_CODE_EDITOR,Code Editor,False,True,2,none
1769177367.9287107,0.5,0.5025,1280,804,0.07287341356277466,0.29264146089553833,F_CODE_EDITOR,Code Editor,False,True,3,none
1769177368.0019777,0.5,0.5025,1280,804,0.05718526244163513,0.28858599066734314,F_CODE_EDITOR,Code Editor,False,True,3,none
1769177368.0844584,0.5,0.5025,1280,804,0.05718526244163513,0.28858599066734314,F_CODE_EDITOR,Code Editor,False,True,3,none
1769177368.1641128,0.5,0.5025,1280,804,0.013299028389155865,0.30499267578125,F_CODE_EDITOR,Code Editor,False,True,3,none
1769177368.2422829,0.5,0.5025,1280,804,0.06831434369087219,0.2833251953125,F_CODE_EDITOR,Code Editor,False,True,3,none
1769177368.3165488,0.5,0.5025,1280,804,0.06831434369087219,0.2833251953125,F_CODE_EDITOR,Code Editor,False,True,3,none
1769177368.3985245,0.5,0.5025,1280,804,0.03201865404844284,0.278317928314209,F_CODE_EDITOR,Code Editor,False,True,3,none
1769177368.4657965,0.5,0.5025,1280,804,0.02360253408551216,0.2895655035972595,F_CODE_EDITOR,Code Editor,False,True,3,none
1769177368.5468178,0.5,0.5025,1280,804,0.00860520638525486,0.28898388147354126,F_CODE_EDITOR,Code Editor,False,True,3,none
1769177368.6336393,0.5,0.5025,1280,804,0.01961551420390606,0.2677645981311798,F_CODE_EDITOR,Code Editor,False,True,3,none
1769177368.7018096,0.5,0.5025,1280,804,0.037104759365320206,0.27880582213401794,F_CODE_EDITOR,Code Editor,False,True,3,none
1769177368.7876947,0.5,0.5025,1280,804,0.02708754502236843,0.28771141171455383,F_CODE_EDITOR,Code Editor,False,True,3,none
1769177368.860377,0.5,0.5025,1280,804,0.030654849484562874,0.27716824412345886,F_CODE_EDITOR,Code Editor,False,True,3,none
1769177368.9388573,0.5,0.5025,1280,804,0.005198490805923939,0.28153714537620544,F_CODE_EDITOR,Code Editor,False,True,3,none
1769177369.0225801,0.5,0.5025,1280,804,0.03731594979763031,0.2677062749862671,F_CODE_EDITOR,Code Editor,False,True,3,none
1769177369.0928273,0.5,0.5025,1280,804,0.03731594979763031,0.2677062749862671,F_CODE_EDITOR,Code Editor,False,True,3,none
1769177369.178075,0.5,0.5025,1280,804,0.014451378025114536,0.27672162652015686,F_CODE_EDITOR,Code Editor,False,True,3,none
1769177369.249879,0.499609375,0.5025,1279,804,-0.0026407905388623476,0.2605026960372925,F_CODE_EDITOR,Code Editor,False,True,3,none
1769177369.3315074,0.499609375,0.5025,1279,804,-1.810949652281124e-05,0.2877116799354553,F_CODE_EDITOR,Code Editor,False,True,3,none
1769177369.4067528,0.499609375,0.5025,1279,804,-0.0012008193880319595,0.2870136797428131,F_CODE_EDITOR,Code Editor,False,True,3,none
1769177369.484391,0.499609375,0.5025,1279,804,-0.0012008193880319595,0.2870136797428131,F_CODE_EDITOR,Code Editor,False,True,3,none
1769177369.5619187,0.499609375,0.5025,1279,804,0.005703425966203213,0.29447609186172485,F_CODE_EDITOR,Code Editor,False,True,3,none
1769177369.6400943,0.499609375,0.5025,1279,804,-0.022418223321437836,0.2752925753593445,F_CODE_EDITOR,Code Editor,False,True,3,none
1769177369.7161927,0.499609375,0.5025,1279,804,0.02478923834860325,0.2747785747051239,F_CODE_EDITOR,Code Editor,False,True,3,none
1769177369.7969937,0.499609375,0.5025,1279,804,0.02478923834860325,0.2747785747051239,F_CODE_EDITOR,Code Editor,False,True,3,none
1769177369.8770735,0.499609375,0.5025,1279,804,-0.056783389300107956,0.14083755016326904,F_CODE_EDITOR,Code Editor,False,True,3,none
1769177369.9538975,0.499609375,0.501875,1279,803,-0.0841982364654541,0.14255262911319733,F_CODE_EDITOR,Code Editor,False,True,4,none
1769177370.0282838,0.499609375,0.501875,1279,803,-0.0841982364654541,0.14255262911319733,F_CODE_EDITOR,Code Editor,False,True,4,none
1769177370.1139717,0.499609375,0.501875,1279,803,-0.06428658217191696,0.14674018323421478,F_CODE_EDITOR,Code Editor,False,True,4,none
1769177370.1873612,0.499609375,0.50125,1279,802,-0.07549609243869781,0.14661341905593872,F_CODE_EDITOR,Code Editor,False,True,4,none
1769177370.2640018,0.499609375,0.50125,1279,802,-0.08368238061666489,0.13164298236370087,F_CODE_EDITOR,Code Editor,False,True,4,none
1769177370.3448603,0.499609375,0.50125,1279,802,-0.07988631725311279,0.15988075733184814,F_CODE_EDITOR,Code Editor,False,True,4,none
1769177370.4230826,0.499609375,0.50125,1279,802,0.011302722617983818,0.2567947804927826,F_CODE_EDITOR,Code Editor,False,True,4,none
1769177370.5018206,0.499609375,0.501875,1279,803,0.011302722617983818,0.2567947804927826,F_CODE_EDITOR,Code Editor,False,True,4,none
1769177370.5783195,0.499609375,0.501875,1279,803,0.008890430442988873,0.30878928303718567,F_CODE_EDITOR,Code Editor,False,True,4,none
1769177370.6668036,0.499609375,0.501875,1279,803,0.005852296482771635,0.30471065640449524,F_CODE_EDITOR,Code Editor,False,True,4,none
1769177370.752192,0.499609375,0.501875,1279,803,0.005852296482771635,0.30471065640449524,F_CODE_EDITOR,Code Editor,False,True,4,none
1769177370.828539,0.499609375,0.501875,1279,803,-0.00675297761335969,0.25829946994781494,F_CODE_EDITOR,Code Editor,False,True,4,none
1769177370.9136615,0.499609375,0.5025,1279,804,0.10028985142707825,0.28153637051582336,F_CODE_EDITOR,Code Editor,False,True,4,none
1769177370.9870517,0.499609375,0.5025,1279,804,0.10028985142707825,0.28153637051582336,F_CODE_EDITOR,Code Editor,False,True,4,none
1769177371.0562494,0.499609375,0.501875,1279,803,-0.21792913973331451,0.09124309569597244,F_CODE_EDITOR,Code Editor,False,True,4,none
1769177371.1254544,0.499609375,0.501875,1279,803,-0.009635849855840206,0.2488873153924942,F_CODE_EDITOR,Code Editor,False,True,4,none
1769177371.1974947,0.499609375,0.501875,1279,803,-0.009635849855840206,0.2488873153924942,F_CODE_EDITOR,Code Editor,False,True,4,none
1769177371.27998,0.499609375,0.501875,1279,803,-0.19925051927566528,0.025670209899544716,F_CODE_EDITOR,Code Editor,False,True,4,none
1769177371.3537734,0.499609375,0.50125,1279,802,-0.16537564992904663,-0.09891406446695328,F_CODE_EDITOR,Code Editor,False,True,4,none
1769177371.4231746,0.49921875,0.500625,1278,801,-0.16537564992904663,-0.09891406446695328,F_CODE_EDITOR,Code Editor,False,True,4,none
1769177371.499483,0.49921875,0.499375,1278,799,-0.10972863435745239,-0.31110304594039917,F_CODE_EDITOR,Code Editor,False,True,4,none
1769177371.583377,0.49921875,0.498125,1278,797,-0.08482620865106583,-0.33217793703079224,F_CODE_EDITOR,Code Editor,False,True,4,none
1769177371.6550286,0.49921875,0.4975,1278,796,-0.6677586436271667,-0.32004380226135254,F_CODE_EDITOR,Code Editor,False,True,4,none
1769177371.7236347,0.498828125,0.4975,1277,796,-0.6677586436271667,-0.32004380226135254,F_CODE_EDITOR,Code Editor,False,True,4,none
1769177371.7928085,0.498828125,0.49625,1277,794,-0.4795575439929962,-0.5154542922973633,F_CODE_EDITOR,Code Editor,False,True,4,none
1769177371.8757808,0.4984375,0.495625,1276,793,-0.8884969353675842,-0.4410887360572815,F_CODE_EDITOR,Code Editor,False,True,4,none
1769177371.9547403,0.498046875,0.49875,1275,798,-0.7007879614830017,0.7897324562072754,F_CODE_EDITOR,Code Editor,False,True,5,none
1769177372.0368652,0.498046875,0.503125,1275,805,-0.8348531126976013,1.1049673557281494,F_CODE_EDITOR,Code Editor,False,True,5,none
1769177372.1129613,0.498046875,0.50625,1275,810,-0.8348531126976013,1.1049673557281494,F_CODE_EDITOR,Code Editor,False,True,5,none
1769177372.1875682,0.49765625,0.505,1274,808,-0.8799220323562622,0.14750105142593384,F_CODE_EDITOR,Code Editor,False,True,5,none
1769177372.2752082,0.497265625,0.505,1273,808,-0.9878969788551331,0.5788120031356812,F_CODE_EDITOR,Code Editor,False,True,5,none
1769177372.345098,0.497265625,0.505625,1273,809,-0.9878969788551331,0.5788120031356812,F_CODE_EDITOR,Code Editor,False,True,5,none
1769177372.431254,0.497265625,0.5025,1273,804,-0.32199162244796753,-0.5314450263977051,F_CODE_EDITOR,Code Editor,False,True,5,none
1769177372.5053673,0.49765625,0.5025,1274,804,-0.21938028931617737,0.3446865379810333,F_CODE_EDITOR,Code Editor,False,True,5,none
1769177372.5854695,0.49765625,0.5025,1274,804,-0.21938028931617737,0.3446865379810333,F_CODE_EDITOR,Code Editor,False,True,5,none
1769177372.6550987,0.49765625,0.503125,1274,805,-0.16078223288059235,0.41889289021492004,F_CODE_EDITOR,Code Editor,False,True,5,none
1769177372.725703,0.498046875,0.503125,1275,805,-0.08962096273899078,0.31857800483703613,F_CODE_EDITOR,Code Editor,False,True,5,none
1769177372.801109,0.498046875,0.503125,1275,805,-0.08962096273899078,0.31857800483703613,F_CODE_EDITOR,Code Editor,False,True,5,none
1769177372.884502,0.4984375,0.5025,1276,804,-0.06535690277814865,0.24722416698932648,F_CODE_EDITOR,Code Editor,False,True,5,none
1769177372.9555354,0.4984375,0.5025,1276,804,-0.06354142725467682,0.27011433243751526,F_CODE_EDITOR,Code Editor,False,True,5,none
1769177373.0348787,0.4984375,0.5025,1276,804,-0.15266412496566772,0.23374192416667938,F_CODE_EDITOR,Code Editor,False,True,5,none
1769177373.1169062,0.4984375,0.5025,1276,804,-0.15266412496566772,0.23374192416667938,F_CODE_EDITOR,Code Editor,False,True,5,none
1769177373.1924891,0.4984375,0.5025,1276,804,-0.22154492139816284,0.27595943212509155,F_CODE_EDITOR,Code Editor,False,True,5,none
1769177373.2696023,0.498828125,0.5025,1277,804,-0.1727299690246582,0.2780284285545349,F_CODE_EDITOR,Code Editor,False,True,5,none
1769177373.3509283,0.498828125,0.5025,1277,804,-0.1727299690246582,0.2780284285545349,F_CODE_EDITOR,Code Editor,False,True,5,none
1769177373.4345455,0.498828125,0.5025,1277,804,-0.14136485755443573,0.32261747121810913,F_CODE_EDITOR,Code Editor,False,True,5,none
1769177373.5082357,0.498828125,0.503125,1277,805,-0.16196520626544952,0.3359849452972412,F_CODE_EDITOR,Code Editor,False,True,5,none
1769177373.5859706,0.498828125,0.503125,1277,805,-0.15591157972812653,0.32965806126594543,F_CODE_EDITOR,Code Editor,False,True,5,none
1769177373.6636212,0.498828125,0.503125,1277,805,-0.15591157972812653,0.32965806126594543,F_CODE_EDITOR,Code Editor,False,True,5,none
1769177373.7376885,0.498828125,0.503125,1277,805,-0.28734415769577026,0.2955666780471802,F_CODE_EDITOR,Code Editor,False,True,5,none
1769177373.8027744,0.4984375,0.503125,1276,805,-0.8060318231582642,0.5049454569816589,F_CODE_EDITOR,Code Editor,False,True,5,none
1769177373.881471,0.4984375,0.50375,1276,806,-0.8060318231582642,0.5049454569816589,F_CODE_EDITOR,Code Editor,False,True,5,none
1769177373.957574,0.498046875,0.50375,1275,806,-0.9341152906417847,0.30051857233047485,F_CODE_EDITOR,Code Editor,False,True,6,none
1769177374.0441937,0.49765625,0.50375,1274,806,-0.9781954288482666,0.5271371006965637,F_CODE_EDITOR,Code Editor,False,True,6,none
1769177374.1169765,0.49765625,0.50375,1274,806,-0.9842314124107361,0.2936374843120575,F_CODE_EDITOR,Code Editor,False,True,6,none
1769177374.1995873,0.497265625,0.50375,1273,806,-0.9842314124107361,0.2936374843120575,F_CODE_EDITOR,Code Editor,False,True,6,none
1769177374.2699845,0.497265625,0.503125,1273,805,-1.0130540132522583,0.19402194023132324,F_CODE_EDITOR,Code Editor,False,True,6,none
1769177374.3440185,0.496875,0.503125,1272,805,-0.8976083397865295,0.36784273386001587,F_CODE_EDITOR,Code Editor,False,True,6,none
1769177374.4225183,0.496875,0.503125,1272,805,-0.8976083397865295,0.36784273386001587,F_CODE_EDITOR,Code Editor,False,True,6,none
1769177374.5009687,0.496875,0.503125,1272,805,-0.974150538444519,0.40321803092956543,F_CODE_EDITOR,Code Editor,False,True,6,none
1769177374.5788996,0.496875,0.50375,1272,806,-0.7980932593345642,0.5326018929481506,F_CODE_EDITOR,Code Editor,False,True,6,none
1769177374.6614072,0.496875,0.503125,1272,805,-0.19827741384506226,0.1445862203836441,F_CODE_EDITOR,Code Editor,False,True,6,none
1769177374.7387612,0.497265625,0.5025,1273,804,-0.19827741384506226,0.1445862203836441,F_CODE_EDITOR,Code Editor,False,True,6,none
1769177374.8241742,0.49765625,0.5025,1274,804,-0.24278415739536285,0.2476833164691925,F_CODE_EDITOR,Code Editor,False,True,6,none
1769177374.899778,0.49765625,0.5025,1274,804,-0.24809530377388,0.2522794008255005,F_CODE_EDITOR,Code Editor,False,True,6,none
1769177374.9746118,0.49765625,0.5025,1274,804,-0.2645381987094879,0.2727375328540802,F_CODE_EDITOR,Code Editor,False,True,6,none
1769177375.0620751,0.498046875,0.5025,1275,804,-0.2645381987094879,0.2727375328540802,F_CODE_EDITOR,Code Editor,False,True,6,none
1769177375.1362326,0.498046875,0.5025,1275,804,-0.27227601408958435,0.24629661440849304,F_CODE_EDITOR,Code Editor,False,True,6,none
1769177375.2073665,0.498046875,0.5025,1275,804,-0.23323220014572144,0.31129422783851624,F_CODE_EDITOR,Code Editor,False,True,6,none
1769177375.2854788,0.498046875,0.5025,1275,804,-0.23323220014572144,0.31129422783851624,F_CODE_EDITOR,Code Editor,False,True,6,none
1769177375.3688622,0.498046875,0.5025,1275,804,-0.23660854995250702,0.18425187468528748,F_CODE_EDITOR,Code Editor,False,True,6,none
1769177375.4449804,0.498046875,0.5025,1275,804,-0.24674561619758606,0.2984263598918915,F_CODE_EDITOR,Code Editor,False,True,6,none
1769177375.5235333,0.4984375,0.5025,1276,804,-0.19448532164096832,0.30358412861824036,F_CODE_EDITOR,Code Editor,False,True,6,none
1769177375.5969317,0.4984375,0.5025,1276,804,-0.19448532164096832,0.30358412861824036,F_CODE_EDITOR,Code Editor,False,True,6,none
1769177375.6791332,0.4984375,0.5025,1276,804,-0.27549949288368225,0.17120611667633057,F_CODE_EDITOR,Code Editor,False,True,6,none
1769177375.7567437,0.4984375,0.501875,1276,803,-0.2703651785850525,0.09113870561122894,F_CODE_EDITOR,Code Editor,False,True,6,none
1769177375.838457,0.4984375,0.501875,1276,803,-0.2209765911102295,0.05892777070403099,F_CODE_EDITOR,Code Editor,False,True,6,none
1769177375.911404,0.4984375,0.50125,1276,802,-0.2209765911102295,0.05892777070403099,F_CODE_EDITOR,Code Editor,False,True,6,none
1769177375.9873846,0.4984375,0.503125,1276,805,-0.5031518340110779,0.824358344078064,F_CODE_EDITOR,Code Editor,False,True,7,none
1769177376.053946,0.498046875,0.503125,1275,805,-0.7895039916038513,0.4499828815460205,F_CODE_EDITOR,Code Editor,False,True,7,none
1769177376.1370995,0.498046875,0.50375,1275,806,-0.7895039916038513,0.4499828815460205,F_CODE_EDITOR,Code Editor,False,True,7,none
1769177376.2072835,0.49765625,0.50375,1274,806,-0.9605226516723633,0.528166651725769,F_CODE_EDITOR,Code Editor,False,True,7,none
1769177376.286832,0.49765625,0.504375,1274,807,-0.9748906493186951,0.5352157354354858,F_CODE_EDITOR,Code Editor,False,True,7,none
1769177376.3645973,0.497265625,0.504375,1273,807,-0.9748906493186951,0.5352157354354858,F_CODE_EDITOR,Code Editor,False,True,7,none
1769177376.4237065,0.497265625,0.505625,1273,809,-0.738652229309082,0.9129332900047302,F_CODE_EDITOR,Code Editor,False,True,7,none
1769177376.4970455,0.497265625,0.50625,1273,810,-0.6376702189445496,0.6961969137191772,F_CODE_EDITOR,Code Editor,False,True,7,none
1769177376.5753322,0.497265625,0.50625,1273,810,-0.45646584033966064,0.5933437943458557,F_CODE_EDITOR,Code Editor,False,True,7,none
1769177376.6494029,0.497265625,0.50625,1273,810,-0.45646584033966064,0.5933437943458557,F_CODE_EDITOR,Code Editor,False,True,7,none
1769177376.730043,0.49765625,0.50625,1274,810,-0.19107381999492645,0.4823001027107239,F_CODE_EDITOR,Code Editor,False,True,7,none
1769177376.8020983,0.49765625,0.505625,1274,809,-0.23126626014709473,0.3545788526535034,F_CODE_EDITOR,Code Editor,False,True,7,none
1769177376.869881,0.49765625,0.505,1274,808,-0.23126626014709473,0.3545788526535034,F_CODE_EDITOR,Code Editor,False,True,7,none
1769177376.9474463,0.498046875,0.505,1275,808,-0.17476995289325714,0.369782030582428,F_CODE_EDITOR,Code Editor,False,True,7,none
1769177377.026184,0.498046875,0.504375,1275,807,-0.12484046816825867,0.34163349866867065,F_CODE_EDITOR,Code Editor,False,True,7,none
1769177377.1044872,0.498046875,0.504375,1275,807,-0.20629778504371643,0.340219646692276,F_CODE_EDITOR,Code Editor,False,True,7,none
1769177377.1912735,0.4984375,0.504375,1276,807,-0.20629778504371643,0.340219646692276,F_CODE_EDITOR,Code Editor,False,True,7,none
1769177377.264777,0.4984375,0.50375,1276,806,-0.16921113431453705,0.36848029494285583,F_CODE_EDITOR,Code Editor,False,True,7,none
1769177377.3386776,0.4984375,0.50375,1276,806,-0.1902114897966385,0.33561182022094727,F_CODE_EDITOR,Code Editor,False,True,7,none
1769177377.4195943,0.4984375,0.50375,1276,806,-0.1902114897966385,0.33561182022094727,F_CODE_EDITOR,Code Editor,False,True,7,none
1769177377.4942281,0.4984375,0.50375,1276,806,-0.2080746591091156,0.3756394386291504,F_CODE_EDITOR,Code Editor,False,True,7,none
1769177377.5616074,0.498828125,0.50375,1277,806,-0.21413226425647736,0.3447302281856537,F_CODE_EDITOR,Code Editor,False,True,7,none
1769177377.6381168,0.498828125,0.50375,1277,806,-0.1532454788684845,0.3734343349933624,F_CODE_EDITOR,Code Editor,False,True,7,none
1769177377.722767,0.498828125,0.50375,1277,806,-0.1532454788684845,0.3734343349933624,F_CODE_EDITOR,Code Editor,False,True,7,none
1769177377.8026145,0.498828125,0.50375,1277,806,-0.20597819983959198,0.3556912839412689,F_CODE_EDITOR,Code Editor,False,True,7,none
1769177377.8761747,0.498828125,0.50375,1277,806,-0.14411616325378418,0.3204589784145355,F_CODE_EDITOR,Code Editor,False,True,7,none
1769177377.9552476,0.498828125,0.503125,1277,805,-0.14411616325378418,0.3204589784145355,F_CODE_EDITOR,Code Editor,False,True,7,none
1769177378.0269456,0.498828125,0.503125,1277,805,-0.15256956219673157,0.359985888004303,F_CODE_EDITOR,Code Editor,False,True,8,none
1769177378.1079082,0.498828125,0.50375,1277,806,-0.18847696483135223,0.3977614939212799,F_CODE_EDITOR,Code Editor,False,True,8,none
1769177378.1871617,0.498828125,0.50375,1277,806,-0.17355448007583618,0.46186167001724243,F_CODE_EDITOR,Code Editor,False,True,8,none
1769177378.2546704,0.498828125,0.50375,1277,806,-0.17355448007583618,0.46186167001724243,F_CODE_EDITOR,Code Editor,False,True,8,none
1769177378.343318,0.498828125,0.503125,1277,805,-0.19670186936855316,0.11496014147996902,B_PROBLEM,Problem,True,True,8,none
1769177378.420199,0.498828125,0.5025,1277,804,-0.17693829536437988,0.016078036278486252,B_PROBLEM,Problem,True,True,8,none
1769177378.4956803,0.498828125,0.501875,1277,803,-0.18136100471019745,0.0780404806137085,B_PROBLEM,Problem,True,True,8,none
1769177378.5669029,0.498828125,0.501875,1277,803,-0.1393861174583435,0.06591323763132095,B_PROBLEM,Problem,True,True,8,none
1769177378.6533597,0.498828125,0.50125,1277,802,-0.1393861174583435,0.06591323763132095,B_PROBLEM,Problem,True,True,8,none
1769177378.7269301,0.498828125,0.50125,1277,802,-0.12887169420719147,0.01565113291144371,B_PROBLEM,Problem,True,True,8,none
1769177378.812213,0.498828125,0.500625,1277,801,-0.2117098718881607,-0.049495913088321686,B_PROBLEM,Problem,True,True,8,none
1769177378.890026,0.498828125,0.500625,1277,801,-0.13109543919563293,0.10473441332578659,B_PROBLEM,Problem,True,True,8,none
1769177378.968059,0.498828125,0.500625,1277,801,-0.13109543919563293,0.10473441332578659,B_PROBLEM,Problem,True,True,8,none
1769177379.0440528,0.498828125,0.500625,1277,801,-0.16581080853939056,0.004277036990970373,B_PROBLEM,Problem,True,True,8,none
1769177379.1237855,0.498828125,0.5,1277,800,-0.18981973826885223,0.01570093259215355,B_PROBLEM,Problem,True,True,8,none
1769177379.1964836,0.498828125,0.5,1277,800,-0.18981973826885223,0.01570093259215355,B_PROBLEM,Problem,True,True,8,none
1769177379.2768774,0.498828125,0.5,1277,800,-0.1419305056333542,0.09759952872991562,B_PROBLEM,Problem,True,True,8,none
1769177379.3543222,0.498828125,0.5,1277,800,-0.1440996527671814,0.00791811104863882,F_CODE_EDITOR,Code Editor,False,True,8,none
1769177379.4322634,0.498828125,0.5,1277,800,-0.1524241715669632,0.008480303920805454,F_CODE_EDITOR,Code Editor,False,True,8,none
1769177379.5236645,0.49921875,0.5,1278,800,-0.08946570008993149,0.004314054735004902,F_CODE_EDITOR,Code Editor,False,True,8,none
1769177379.589953,0.49921875,0.5,1278,800,-0.11726484447717667,0.06800302118062973,F_CODE_EDITOR,Code Editor,False,True,8,none
1769177379.6722872,0.49921875,0.5,1278,800,-0.11726484447717667,0.06800302118062973,F_CODE_EDITOR,Code Editor,False,True,8,none
1769177379.7453194,0.49921875,0.5,1278,800,0.0036908749025315046,0.0012357067316770554,F_CODE_EDITOR,Code Editor,False,True,8,none
1769177379.8286455,0.49921875,0.5,1278,800,0.042882487177848816,-0.0035380094777792692,F_CODE_EDITOR,Code Editor,False,True,8,none
1769177379.90431,0.49921875,0.499375,1278,799,0.042882487177848816,-0.0035380094777792692,F_CODE_EDITOR,Code Editor,False,True,8,none
1769177379.979741,0.49921875,0.499375,1278,799,0.06740327924489975,-0.0328463651239872,F_CODE_EDITOR,Code Editor,False,True,8,none
1769177380.074124,0.49921875,0.499375,1278,799,-0.04231097176671028,0.008117848075926304,F_CODE_EDITOR,Code Editor,False,True,9,none
1769177380.1618824,0.49921875,0.499375,1278,799,-0.024444889277219772,0.049383264034986496,F_CODE_EDITOR,Code Editor,False,True,9,none
1769177380.2795975,0.49921875,0.499375,1278,799,-0.024444889277219772,0.049383264034986496,F_CODE_EDITOR,Code Editor,False,True,9,none
1769177380.395585,0.499609375,0.499375,1279,799,0.05964016541838646,0.02233726531267166,F_CODE_EDITOR,Code Editor,False,True,9,none
1769177380.5247118,0.499609375,0.5,1279,800,-0.04364202171564102,0.06552867591381073,F_CODE_EDITOR,Code Editor,False,True,9,none
1769177380.6555862,0.499609375,0.499375,1279,799,-0.09112165123224258,-0.05842256546020508,F_CODE_EDITOR,Code Editor,False,True,9,none
1769177380.7730422,0.49921875,0.499375,1278,799,-0.1824915111064911,0.027045732364058495,F_CODE_EDITOR,Code Editor,False,True,9,none
1769177380.908824,0.49921875,0.499375,1278,799,-0.20142792165279388,0.03426636382937431,F_CODE_EDITOR,Code Editor,False,True,9,none
1769177381.0529122,0.49921875,0.499375,1278,799,-0.2030106484889984,0.047450341284275055,F_CODE_EDITOR,Code Editor,False,True,9,none
1769177381.2003667,0.49921875,0.499375,1278,799,-0.2000875622034073,-0.03473800793290138,F_CODE_EDITOR,Code Editor,False,True,9,none
1769177381.328932,0.49921875,0.499375,1278,799,-0.13555942475795746,0.00387356779538095,F_CODE_EDITOR,Code Editor,False,True,9,none
1769177381.4649363,0.49921875,0.5,1278,800,-0.1273459792137146,0.07258552312850952,F_CODE_EDITOR,Code Editor,False,True,9,none
1769177381.613903,0.49921875,0.5,1278,800,-0.14950373768806458,0.1575872302055359,F_CODE_EDITOR,Code Editor,False,True,9,none
1769177381.731814,0.49921875,0.500625,1278,801,-0.1104532778263092,0.19120964407920837,F_CODE_EDITOR,Code Editor,False,True,9,none
1769177381.8825855,0.498828125,0.50125,1277,802,-0.2459184229373932,0.2524559795856476,F_CODE_EDITOR,Code Editor,False,True,9,none
1769177382.000612,0.498828125,0.50125,1277,802,-0.2011919617652893,0.22932161390781403,F_CODE_EDITOR,Code Editor,False,True,9,none
1769177382.133189,0.498828125,0.50125,1277,802,-0.21027414500713348,0.2548200488090515,F_CODE_EDITOR,Code Editor,False,True,10,none
1769177382.263403,0.498828125,0.501875,1277,803,-0.23048727214336395,0.2987555265426636,F_CODE_EDITOR,Code Editor,False,True,10,none
1769177382.4037151,0.498828125,0.501875,1277,803,-0.2271982878446579,0.31186920404434204,F_CODE_EDITOR,Code Editor,False,True,10,none
1769177382.543013,0.498828125,0.5025,1277,804,-0.2151205688714981,0.29672515392303467,F_CODE_EDITOR,Code Editor,False,True,10,none
1769177382.6655226,0.498828125,0.5025,1277,804,-0.22426187992095947,0.298604279756546,F_CODE_EDITOR,Code Editor,False,True,10,none
1769177382.7901373,0.498828125,0.5025,1277,804,-0.208962544798851,0.27301132678985596,F_CODE_EDITOR,Code Editor,False,True,10,none
1769177382.9117296,0.498828125,0.5025,1277,804,-0.2339499145746231,0.28259655833244324,F_CODE_EDITOR,Code Editor,False,True,10,none
1769177383.0404859,0.498828125,0.5025,1277,804,-0.13970251381397247,0.2996397316455841,F_CODE_EDITOR,Code Editor,False,True,10,none
1769177383.1324654,0.498828125,0.503125,1277,805,-0.1573089361190796,0.36308687925338745,F_CODE_EDITOR,Code Editor,False,True,10,none
1769177383.25853,0.498828125,0.5025,1277,804,-0.19967611134052277,0.26559972763061523,F_CODE_EDITOR,Code Editor,False,True,10,none
1769177383.3796847,0.498828125,0.5025,1277,804,-0.20391957461833954,0.2995792627334595,F_CODE_EDITOR,Code Editor,False,True,10,none
1769177383.540014,0.498828125,0.5025,1277,804,-0.2139493077993393,0.2856554687023163,F_CODE_EDITOR,Code Editor,False,True,10,none
1769177383.6956918,0.498828125,0.5025,1277,804,-0.2342311441898346,0.2908789813518524,F_CODE_EDITOR,Code Editor,False,True,10,none
1769177383.8317254,0.498828125,0.5025,1277,804,-0.24431440234184265,0.26112616062164307,F_CODE_EDITOR,Code Editor,False,True,10,none
1769177383.9567266,0.498828125,0.5025,1277,804,-0.24377033114433289,0.270180881023407,F_CODE_EDITOR,Code Editor,False,True,10,none
1769177384.0847423,0.498828125,0.5025,1277,804,-0.20394489169120789,0.18426890671253204,F_CODE_EDITOR,Code Editor,False,True,10,none
1769177384.2350323,0.498828125,0.501875,1277,803,-0.1764666587114334,0.17764189839363098,F_CODE_EDITOR,Code Editor,False,True,11,none
1769177384.3583157,0.498828125,0.501875,1277,803,-0.11787497252225876,0.21128296852111816,F_CODE_EDITOR,Code Editor,False,True,11,none
1769177384.4840724,0.498828125,0.501875,1277,803,-0.14817987382411957,0.18480686843395233,F_CODE_EDITOR,Code Editor,False,True,11,none
1769177384.6210024,0.498828125,0.501875,1277,803,-0.10191118717193604,0.17161783576011658,F_CODE_EDITOR,Code Editor,False,True,11,none
1769177384.7486753,0.498828125,0.501875,1277,803,-0.12286440283060074,0.11108285188674927,F_CODE_EDITOR,Code Editor,False,True,11,none
1769177384.8924096,0.498828125,0.50125,1277,802,-0.12919554114341736,0.04028164595365524,F_CODE_EDITOR,Code Editor,False,True,11,none
1769177385.0352392,0.498828125,0.500625,1277,801,-0.12077382206916809,0.004930843133479357,F_CODE_EDITOR,Code Editor,False,True,11,none
1769177385.1677206,0.498828125,0.5,1277,800,-0.12128036469221115,-0.01127955224364996,F_CODE_EDITOR,Code Editor,False,True,11,none
1769177385.282203,0.49921875,0.499375,1278,799,0.0025965820532292128,-0.15558160841464996,F_CODE_EDITOR,Code Editor,False,True,11,none
1769177385.414397,0.49921875,0.49875,1278,798,-0.005248557776212692,-0.13993100821971893,F_CODE_EDITOR,Code Editor,False,True,11,none
1769177385.5338595,0.49921875,0.49875,1278,798,-0.020618991926312447,-0.14829732477664948,F_CODE_EDITOR,Code Editor,False,True,11,none
1769177385.6259172,0.49921875,0.49875,1278,798,-0.020618991926312447,-0.14829732477664948,F_CODE_EDITOR,Code Editor,False,True,11,none
1769177385.7543426,0.49921875,0.498125,1278,797,0.11368528753519058,-0.12839019298553467,F_CODE_EDITOR,Code Editor,False,True,11,none
1769177385.8777256,0.499609375,0.498125,1279,797,0.05905107408761978,-0.10491815954446793,F_CODE_EDITOR,Code Editor,False,True,11,none
1769177385.9762702,0.499609375,0.498125,1279,797,0.04843464493751526,-0.15728150308132172,F_CODE_EDITOR,Code Editor,False,True,11,none
1769177386.0981407,0.499609375,0.498125,1279,797,0.060448963195085526,-0.15654221177101135,F_CODE_EDITOR,Code Editor,False,True,11,none
1769177386.2323897,0.499609375,0.498125,1279,797,0.05371809005737305,-0.15711133182048798,F_CODE_EDITOR,Code Editor,False,True,11,none
1769177386.3169663,0.499609375,0.498125,1279,797,0.05371809005737305,-0.15711133182048798,F_CODE_EDITOR,Code Editor,False,True,12,none
1769177386.4381573,0.499609375,0.498125,1279,797,0.05781989172101021,-0.14795272052288055,F_CODE_EDITOR,Code Editor,False,True,12,none
1769177386.5641582,0.499609375,0.498125,1279,797,0.06660832464694977,-0.13688994944095612,F_CODE_EDITOR,Code Editor,False,True,12,none
1769177386.6757276,0.499609375,0.498125,1279,797,-0.018207233399152756,-0.025172730907797813,F_CODE_EDITOR,Code Editor,False,True,12,none
1769177386.8016324,0.499609375,0.498125,1279,797,-0.012481171637773514,-0.022249646484851837,F_CODE_EDITOR,Code Editor,False,True,12,none
1769177386.926042,0.499609375,0.498125,1279,797,-0.00029774144059047103,-0.06534785032272339,F_CODE_EDITOR,Code Editor,False,True,12,none
1769177387.0862396,0.499609375,0.498125,1279,797,-0.035838425159454346,-0.0893932655453682,F_CODE_EDITOR,Code Editor,False,True,12,none
1769177387.2462044,0.499609375,0.49875,1279,798,-0.0807366594672203,-0.017962489277124405,F_CODE_EDITOR,Code Editor,False,True,12,none
1769177387.3846724,0.499609375,0.49875,1279,798,-0.09132912009954453,-0.032529715448617935,F_CODE_EDITOR,Code Editor,False,True,12,none
1769177387.551422,0.49921875,0.49875,1278,798,-0.15789642930030823,-0.02201954834163189,F_CODE_EDITOR,Code Editor,False,True,12,none
1769177387.7165518,0.49921875,0.49875,1278,798,-0.15190830826759338,-0.06823898106813431,F_CODE_EDITOR,Code Editor,False,True,12,none
1769177387.849187,0.49921875,0.49875,1278,798,-0.13539858162403107,-0.0799345150589943,F_CODE_EDITOR,Code Editor,False,True,12,none
1769177387.974799,0.49921875,0.498125,1278,797,-0.1916527897119522,-0.11238592863082886,F_CODE_EDITOR,Code Editor,False,True,12,none
1769177388.0606053,0.49921875,0.498125,1278,797,-0.1916527897119522,-0.11238592863082886,F_CODE_EDITOR,Code Editor,False,True,12,none
1769177388.1880803,0.49921875,0.498125,1278,797,-0.17286179959774017,-0.1410503387451172,F_CODE_EDITOR,Code Editor,False,True,12,none
1769177388.282589,0.49921875,0.498125,1278,797,-0.21954061090946198,-0.15739281475543976,F_CODE_EDITOR,Code Editor,False,True,12,none
1769177388.416067,0.49921875,0.498125,1278,797,-0.2133229374885559,-0.14600542187690735,F_CODE_EDITOR,Code Editor,False,True,13,none
1769177389.1815934,0.49921875,0.498125,1278,797,-0.1315327286720276,-0.09924723207950592,F_CODE_EDITOR,Code Editor,False,True,13,none
1769177389.2492447,0.49921875,0.498125,1278,797,-0.16409920156002045,-0.11042557656764984,F_CODE_EDITOR,Code Editor,False,True,13,none
1769177389.3406894,0.49921875,0.498125,1278,797,-0.08635273575782776,-0.17221304774284363,F_CODE_EDITOR,Code Editor,False,True,13,none
1769177389.405403,0.49921875,0.498125,1278,797,-0.1166941300034523,-0.1564793586730957,F_CODE_EDITOR,Code Editor,False,True,13,none
1769177389.4786892,0.49921875,0.498125,1278,797,-0.1166941300034523,-0.1564793586730957,F_CODE_EDITOR,Code Editor,False,True,13,none
1769177389.5434425,0.49921875,0.498125,1278,797,-0.08326000720262527,-0.03821077197790146,F_CODE_EDITOR,Code Editor,False,True,13,none
1769177389.6026502,0.49921875,0.498125,1278,797,-0.10910891741514206,-0.02774028480052948,F_CODE_EDITOR,Code Editor,False,True,13,none
1769177389.6723852,0.49921875,0.498125,1278,797,-0.10910891741514206,-0.02774028480052948,F_CODE_EDITOR,Code Editor,False,True,13,none
1769177389.7502613,0.49921875,0.49875,1278,798,-0.1083427220582962,-0.02810380794107914,F_CODE_EDITOR,Code Editor,False,True,13,none
1769177389.827567,0.49921875,0.49875,1278,798,-0.09913777559995651,0.043538425117731094,F_CODE_EDITOR,Code Editor,False,True,13,none
1769177389.9051175,0.49921875,0.49875,1278,798,-0.09913777559995651,0.043538425117731094,F_CODE_EDITOR,Code Editor,False,True,13,none
1769177389.9688869,0.49921875,0.499375,1278,799,-0.09858836233615875,0.09103456884622574,F_CODE_EDITOR,Code Editor,False,True,13,none
1769177390.0397158,0.49921875,0.499375,1278,799,-0.06372598558664322,0.07143743336200714,F_CODE_EDITOR,Code Editor,False,True,13,none
1769177390.1129398,0.49921875,0.499375,1278,799,-0.0380706861615181,0.08493167161941528,F_CODE_EDITOR,Code Editor,False,True,13,none
1769177390.1882665,0.49921875,0.5,1278,800,0.004357730504125357,0.055812399834394455,F_CODE_EDITOR,Code Editor,False,True,13,none
1769177390.2620506,0.49921875,0.5,1278,800,0.004357730504125357,0.055812399834394455,F_CODE_EDITOR,Code Editor,False,True,13,none
1769177390.3327649,0.49921875,0.5,1278,800,0.042220957577228546,0.09237414598464966,F_CODE_EDITOR,Code Editor,False,True,13,none
1769177390.410995,0.499609375,0.5,1279,800,0.049136389046907425,0.13581056892871857,F_CODE_EDITOR,Code Editor,False,True,13,none
1769177390.4910192,0.499609375,0.500625,1279,801,0.0640580803155899,0.16512718796730042,F_CODE_EDITOR,Code Editor,False,True,14,none
1769177390.5801978,0.499609375,0.500625,1279,801,0.0640580803155899,0.16512718796730042,F_CODE_EDITOR,Code Editor,False,True,14,none
1769177390.6552591,0.499609375,0.500625,1279,801,0.037582796066999435,0.14018507301807404,F_CODE_EDITOR,Code Editor,False,True,14,none
1769177390.7229793,0.499609375,0.500625,1279,801,0.037582796066999435,0.14018507301807404,F_CODE_EDITOR,Code Editor,False,True,14,none
1769177390.7947419,0.499609375,0.500625,1279,801,0.011100055649876595,0.15048378705978394,F_CODE_EDITOR,Code Editor,False,True,14,none
1769177390.8637958,0.499609375,0.500625,1279,801,0.01853853091597557,0.14320670068264008,F_CODE_EDITOR,Code Editor,False,True,14,none
1769177390.9340837,0.499609375,0.500625,1279,801,0.01853853091597557,0.14320670068264008,F_CODE_EDITOR,Code Editor,False,True,14,none
1769177390.9999206,0.499609375,0.500625,1279,801,0.04308914765715599,0.15245398879051208,F_CODE_EDITOR,Code Editor,False,True,14,none
1769177391.0763094,0.499609375,0.500625,1279,801,0.017411747947335243,0.13634692132472992,F_CODE_EDITOR,Code Editor,False,True,14,none
1769177391.1386018,0.499609375,0.500625,1279,801,0.017411747947335243,0.13634692132472992,F_CODE_EDITOR,Code Editor,False,True,14,none
1769177391.2067575,0.499609375,0.50125,1279,802,-0.06604240089654922,0.16175881028175354,F_CODE_EDITOR,Code Editor,False,True,14,none
1769177391.2934113,0.499609375,0.50125,1279,802,0.01865624263882637,0.15216024219989777,F_CODE_EDITOR,Code Editor,False,True,14,none
1769177391.383793,0.499609375,0.50125,1279,802,0.01865624263882637,0.15216024219989777,F_CODE_EDITOR,Code Editor,False,True,14,none
1769177391.4767518,0.499609375,0.50125,1279,802,0.0038690404035151005,0.13156548142433167,F_CODE_EDITOR,Code Editor,False,True,14,none
1769177391.5738678,0.499609375,0.500625,1279,801,0.04569265618920326,0.07803008705377579,F_CODE_EDITOR,Code Editor,False,True,14,none
1769177391.6650932,0.499609375,0.500625,1279,801,0.007839281111955643,0.12349025160074234,F_CODE_EDITOR,Code Editor,False,True,14,none
1769177391.76216,0.499609375,0.500625,1279,801,0.011407917365431786,0.1153297945857048,F_CODE_EDITOR,Code Editor,False,True,14,none
1769177391.8553767,0.499609375,0.500625,1279,801,0.035293009132146835,0.08788485080003738,F_CODE_EDITOR,Code Editor,False,True,14,none
1769177391.951296,0.499609375,0.500625,1279,801,0.021822741255164146,0.14324824512004852,F_CODE_EDITOR,Code Editor,False,True,14,none
1769177392.0428483,0.499609375,0.500625,1279,801,-0.06828930974006653,0.14516465365886688,F_CODE_EDITOR,Code Editor,False,True,14,none
1769177392.1487339,0.499609375,0.500625,1279,801,-0.06828930974006653,0.14516465365886688,F_CODE_EDITOR,Code Editor,False,True,14,none
1769177392.2365274,0.499609375,0.500625,1279,801,-0.019153721630573273,0.1507471650838852,F_CODE_EDITOR,Code Editor,False,True,14,none
1769177392.3223486,0.499609375,0.50125,1279,802,-0.02245337702333927,0.16661161184310913,F_CODE_EDITOR,Code Editor,False,True,14,none
1769177392.4191318,0.499609375,0.500625,1279,801,-0.06977269053459167,0.09840806573629379,F_CODE_EDITOR,Code Editor,False,True,14,none
1769177392.503856,0.499609375,0.500625,1279,801,0.0041976748034358025,0.13380654156208038,F_CODE_EDITOR,Code Editor,False,True,15,none
1769177392.5807478,0.499609375,0.500625,1279,801,0.005468801129609346,0.1388300508260727,F_CODE_EDITOR,Code Editor,False,True,15,none
1769177392.6663313,0.499609375,0.500625,1279,801,-0.015604793094098568,0.1514742076396942,F_CODE_EDITOR,Code Editor,False,True,15,none
1769177392.7528656,0.499609375,0.500625,1279,801,-0.015604793094098568,0.1514742076396942,F_CODE_EDITOR,Code Editor,False,True,15,none
1769177392.8209405,0.499609375,0.500625,1279,801,-0.053178004920482635,0.1300608068704605,F_CODE_EDITOR,Code Editor,False,True,15,none
1769177392.9039958,0.499609375,0.500625,1279,801,-0.04090322554111481,0.09339360147714615,F_CODE_EDITOR,Code Editor,False,True,15,none
1769177392.9812827,0.499609375,0.500625,1279,801,-0.04090322554111481,0.09339360147714615,F_CODE_EDITOR,Code Editor,False,True,15,none
1769177393.045366,0.499609375,0.500625,1279,801,0.002291117561981082,0.1365772932767868,F_CODE_EDITOR,Code Editor,False,True,15,none
1769177393.1144485,0.499609375,0.500625,1279,801,-0.04610437899827957,0.11810854077339172,F_CODE_EDITOR,Code Editor,False,True,15,none
1769177393.1961265,0.499609375,0.500625,1279,801,-0.004074104130268097,0.14253398776054382,F_CODE_EDITOR,Code Editor,False,True,15,none
1769177393.2624922,0.499609375,0.500625,1279,801,-0.004074104130268097,0.14253398776054382,F_CODE_EDITOR,Code Editor,False,True,15,none
1769177393.3373077,0.499609375,0.500625,1279,801,-0.015005848370492458,0.12436483055353165,F_CODE_EDITOR,Code Editor,False,True,15,none
1769177393.4065638,0.499609375,0.500625,1279,801,-0.0041761030443012714,0.14468209445476532,F_CODE_EDITOR,Code Editor,False,True,15,none
1769177393.4764917,0.499609375,0.500625,1279,801,0.007439274340867996,0.09431452304124832,F_CODE_EDITOR,Code Editor,False,True,15,none
1769177393.541562,0.499609375,0.500625,1279,801,0.003329217666760087,0.12276586890220642,F_CODE_EDITOR,Code Editor,False,True,15,none
1769177393.6142204,0.499609375,0.500625,1279,801,0.003329217666760087,0.12276586890220642,F_CODE_EDITOR,Code Editor,False,True,15,none
1769177393.679807,0.499609375,0.500625,1279,801,-0.026096582412719727,0.11001651734113693,F_CODE_EDITOR,Code Editor,False,True,15,none
1769177393.7626514,0.499609375,0.500625,1279,801,0.040647830814123154,0.11591675132513046,F_CODE_EDITOR,Code Editor,False,True,15,none
1769177393.8337357,0.499609375,0.500625,1279,801,-0.008231298997998238,0.09921181201934814,F_CODE_EDITOR,Code Editor,False,True,15,none
1769177393.8996081,0.499609375,0.500625,1279,801,0.03910798951983452,0.13247868418693542,F_CODE_EDITOR,Code Editor,False,True,15,none
1769177393.9806437,0.499609375,0.500625,1279,801,0.027709394693374634,0.13918185234069824,F_CODE_EDITOR,Code Editor,False,True,15,none
1769177394.058305,0.499609375,0.500625,1279,801,0.0010130665032193065,0.10633337497711182,F_CODE_EDITOR,Code Editor,False,True,15,none
1769177394.1346653,0.499609375,0.500625,1279,801,0.06444770097732544,0.10474745184183121,F_CODE_EDITOR,Code Editor,False,True,15,none
1769177394.2157817,0.499609375,0.500625,1279,801,0.06444770097732544,0.10474745184183121,F_CODE_EDITOR,Code Editor,False,True,15,none
1769177394.3369532,0.499609375,0.500625,1279,801,0.019954001531004906,0.13714906573295593,F_CODE_EDITOR,Code Editor,False,True,15,none
1769177394.4227195,0.499609375,0.500625,1279,801,0.031393878161907196,0.12969088554382324,F_CODE_EDITOR,Code Editor,False,True,15,none
1769177394.5031612,0.499609375,0.500625,1279,801,0.016444221138954163,0.10545585304498672,F_CODE_EDITOR,Code Editor,False,True,15,none
1769177394.5755193,0.499609375,0.500625,1279,801,0.016444221138954163,0.10545585304498672,F_CODE_EDITOR,Code Editor,False,True,16,none
1769177394.6549563,0.499609375,0.500625,1279,801,-0.06426740437746048,0.08937621861696243,F_CODE_EDITOR,Code Editor,False,True,16,none
1769177394.7300875,0.499609375,0.500625,1279,801,-0.015867114067077637,0.028962675482034683,F_CODE_EDITOR,Code Editor,False,True,16,none
1769177394.80933,0.499609375,0.5,1279,800,-0.11289992928504944,0.033793386071920395,F_CODE_EDITOR,Code Editor,False,True,16,none
